{
  "name": "AppIcons",
  "css_prefix_text": "",
  "css_use_suffix": false,
  "hinting": true,
  "units_per_em": 1000,
  "ascent": 850,
  "glyphs": [
    {
      "uid": "ab656e280958018a7859eba9a1eabbc7",
      "css": "award",
      "code": 59392,
      "src": "fontawesome"
    },
    {
      "uid": "76c6288a7b904801376915d8ae2f700c",
      "css": "search",
      "code": 61442,
      "src": "fontawesome5"
    },
    {
      "uid": "c5dae27e563af547739c37198a00a389",
      "css": "wallet",
      "code": 62805,
      "src": "fontawesome5"
    },
    {
      "uid": "58f376c8c60c911e8cd5a65becb0d932",
      "css": "account_box",
      "code": 59394,
      "src": "material"
    },
    {
      "uid": "22a893e7725504a4a3b8905fb20cac53",
      "css": "account_circle",
      "code": 59393,
      "src": "material"
    }
  ]
}